{
  "rigidBodies": [
    {
      "name": "circle",
      "imagePath": "../../../../../../atlas/1/deff.png",
      "origin": {
        "x": 0.5,
        "y": 0.5
      },
      "polygons": [],
      "circles": [
        {
          "cx": 0,
          "cy": 0,
          "r": 0.5
        }
      ],
      "shapes": [
        {
          "type": "CIRCLE",
          "vertices": [
            {
              "x": 0,
              "y": 0
            },
            {
              "x": 0,
              "y": 0.5
            }
          ]
        }
      ]
    },
    {
      "name": "playground",
      "imagePath": "plinko_main.png",
      "origin": {
        "x": 0,
        "y": 0
      },
      "polygons": [
        [
          {
            "x": 0.047062888741493225,
            "y": 0.23170782625675201
          },
          {
            "x": 0.05102140083909035,
            "y": 0.07649914920330048
          },
          {
            "x": 0.06372954696416855,
            "y": 0.2333744466304779
          }
        ],
        [
          {
            "x": 0.8193542957305908,
            "y": 0.1027497947216034
          },
          {
            "x": 0.8118542432785034,
            "y": 0.23649977147579193
          },
          {
            "x": 0.7993543148040771,
            "y": 0.09649977087974548
          }
        ],
        [
          {
            "x": 0.7006043195724487,
            "y": 0.09774978458881378
          },
          {
            "x": 0.6893543004989624,
            "y": 0.23649977147579193
          },
          {
            "x": 0.6743542551994324,
            "y": 0.09524980187416077
          }
        ],
        [
          {
            "x": 0.5656042695045471,
            "y": 0.10149978846311569
          },
          {
            "x": 0.5656042695045471,
            "y": 0.23399978876113892
          },
          {
            "x": 0.5518543124198914,
            "y": 0.09649978578090668
          }
        ],
        [
          {
            "x": 0.4418542683124542,
            "y": 0.10149978846311569
          },
          {
            "x": 0.4356042742729187,
            "y": 0.23774977028369904
          },
          {
            "x": 0.4268542528152466,
            "y": 0.09649978578090668
          }
        ],
        [
          {
            "x": 0.32560425996780396,
            "y": 0.10149978846311569
          },
          {
            "x": 0.309354305267334,
            "y": 0.23524980247020721
          },
          {
            "x": 0.29935428500175476,
            "y": 0.09899979084730148
          }
        ],
        [
          {
            "x": 0.19560429453849792,
            "y": 0.10274980217218399
          },
          {
            "x": 0.1856043040752411,
            "y": 0.24024979770183563
          },
          {
            "x": 0.17935429513454437,
            "y": 0.09774979948997498
          }
        ],
        [
          {
            "x": 0.17935429513454437,
            "y": 0.09774979948997498
          },
          {
            "x": 0.06310473382472992,
            "y": 0.09816582500934601
          },
          {
            "x": 0.06352140009403229,
            "y": 0.07858248054981232
          },
          {
            "x": 0.7271565198898315,
            "y": 0.07915878295898438
          }
        ],
        [
          {
            "x": 0.7271565198898315,
            "y": 0.07915878295898438
          },
          {
            "x": 0.29935428500175476,
            "y": 0.09899979084730148
          },
          {
            "x": 0.19560429453849792,
            "y": 0.10274980217218399
          },
          {
            "x": 0.17935429513454437,
            "y": 0.09774979948997498
          }
        ],
        [
          {
            "x": 0.7271565198898315,
            "y": 0.07915878295898438
          },
          {
            "x": 0.4268542528152466,
            "y": 0.09649978578090668
          },
          {
            "x": 0.32560425996780396,
            "y": 0.10149978846311569
          },
          {
            "x": 0.29935428500175476,
            "y": 0.09899979084730148
          }
        ],
        [
          {
            "x": 0.7271565198898315,
            "y": 0.07915878295898438
          },
          {
            "x": 0.5518543124198914,
            "y": 0.09649978578090668
          },
          {
            "x": 0.4418542683124542,
            "y": 0.10149978846311569
          },
          {
            "x": 0.4268542528152466,
            "y": 0.09649978578090668
          }
        ],
        [
          {
            "x": 0.7271565198898315,
            "y": 0.07915878295898438
          },
          {
            "x": 0.6743542551994324,
            "y": 0.09524980187416077
          },
          {
            "x": 0.5656042695045471,
            "y": 0.10149978846311569
          },
          {
            "x": 0.5518543124198914,
            "y": 0.09649978578090668
          }
        ],
        [
          {
            "x": 1.0235209465026855,
            "y": 0.07941615581512451
          },
          {
            "x": 0.7993543148040771,
            "y": 0.09649977087974548
          },
          {
            "x": 0.7006043195724487,
            "y": 0.09774978458881378
          },
          {
            "x": 0.6743542551994324,
            "y": 0.09524980187416077
          },
          {
            "x": 0.7271565198898315,
            "y": 0.07915878295898438
          }
        ],
        [
          {
            "x": 1.0235209465026855,
            "y": 0.07941615581512451
          },
          {
            "x": 0.9406043291091919,
            "y": 0.09774978458881378
          },
          {
            "x": 0.8193542957305908,
            "y": 0.1027497947216034
          },
          {
            "x": 0.7993543148040771,
            "y": 0.09649977087974548
          }
        ],
        [
          {
            "x": 1.0235209465026855,
            "y": 0.07941615581512451
          },
          {
            "x": 1.0238523483276367,
            "y": 0.30431151390075684
          },
          {
            "x": 0.996854305267334,
            "y": 0.30649977922439575
          },
          {
            "x": 0.9418542981147766,
            "y": 0.2314997762441635
          },
          {
            "x": 0.9406043291091919,
            "y": 0.09774978458881378
          }
        ],
        [
          {
            "x": 1.0241057872772217,
            "y": 0.47637873888015747
          },
          {
            "x": 0.9931043386459351,
            "y": 0.4802497625350952
          },
          {
            "x": 0.9381042718887329,
            "y": 0.3964998126029968
          },
          {
            "x": 0.996854305267334,
            "y": 0.30649977922439575
          },
          {
            "x": 1.0238523483276367,
            "y": 0.30431151390075684
          }
        ],
        [
          {
            "x": 1.0243706703186035,
            "y": 0.656122088432312
          },
          {
            "x": 1.000604510307312,
            "y": 0.6539998054504395
          },
          {
            "x": 0.9418544769287109,
            "y": 0.5714998245239258
          },
          {
            "x": 0.9931043386459351,
            "y": 0.4802497625350952
          },
          {
            "x": 1.0241057872772217,
            "y": 0.47637873888015747
          }
        ],
        [
          {
            "x": 1.0245728492736816,
            "y": 0.7934194803237915
          },
          {
            "x": 0.9906045198440552,
            "y": 0.805249810218811
          },
          {
            "x": 0.9356045126914978,
            "y": 0.7339997887611389
          },
          {
            "x": 1.000604510307312,
            "y": 0.6539998054504395
          },
          {
            "x": 1.0243706703186035,
            "y": 0.656122088432312
          }
        ],
        [
          {
            "x": 1.0248295068740845,
            "y": 0.9676804542541504
          },
          {
            "x": 0.9931045770645142,
            "y": 0.9764997959136963
          },
          {
            "x": 0.940604567527771,
            "y": 0.905249834060669
          },
          {
            "x": 0.9906045198440552,
            "y": 0.805249810218811
          },
          {
            "x": 1.0245728492736816,
            "y": 0.7934194803237915
          }
        ],
        [
          {
            "x": 1.025092601776123,
            "y": 1.1463308334350586
          },
          {
            "x": 0.9943545460700989,
            "y": 1.1464996337890625
          },
          {
            "x": 0.9456046223640442,
            "y": 1.0677497386932373
          },
          {
            "x": 0.9931045770645142,
            "y": 0.9764997959136963
          },
          {
            "x": 1.0248295068740845,
            "y": 0.9676804542541504
          }
        ],
        [
          {
            "x": 1.0253076553344727,
            "y": 1.2923979759216309
          },
          {
            "x": 0.9943545460700989,
            "y": 1.300249695777893
          },
          {
            "x": 0.9431045651435852,
            "y": 1.2302496433258057
          },
          {
            "x": 0.9943545460700989,
            "y": 1.1464996337890625
          },
          {
            "x": 1.025092601776123,
            "y": 1.1463308334350586
          }
        ],
        [
          {
            "x": 1.0255701541900635,
            "y": 1.4706029891967773
          },
          {
            "x": 0.9981045722961426,
            "y": 1.4739997386932373
          },
          {
            "x": 0.9418545961380005,
            "y": 1.3989996910095215
          },
          {
            "x": 0.9943545460700989,
            "y": 1.300249695777893
          },
          {
            "x": 1.0253076553344727,
            "y": 1.2923979759216309
          }
        ],
        [
          {
            "x": 1.0260212421417236,
            "y": 1.7769161462783813
          },
          {
            "x": 0.9406046867370605,
            "y": 1.6714996099472046
          },
          {
            "x": 0.9406046867370605,
            "y": 1.5652495622634888
          },
          {
            "x": 0.9981045722961426,
            "y": 1.4739997386932373
          },
          {
            "x": 1.0255701541900635,
            "y": 1.4706029891967773
          }
        ],
        [
          {
            "x": 1.0260212421417236,
            "y": 1.7769161462783813
          },
          {
            "x": -0.00897865742444992,
            "y": 1.776082992553711
          },
          {
            "x": 0.060396239161491394,
            "y": 1.6700413227081299
          },
          {
            "x": 0.9406046867370605,
            "y": 1.6714996099472046
          }
        ],
        [
          {
            "x": -0.00897865742444992,
            "y": 1.776082992553711
          },
          {
            "x": -0.009181726723909378,
            "y": 1.484287977218628
          },
          {
            "x": 0.002896234393119812,
            "y": 1.4850411415100098
          },
          {
            "x": 0.060396239161491394,
            "y": 1.5725412368774414
          },
          {
            "x": 0.060396239161491394,
            "y": 1.6700413227081299
          }
        ],
        [
          {
            "x": -0.009296625852584839,
            "y": 1.3191883563995361
          },
          {
            "x": 0.0037295669317245483,
            "y": 1.319207787513733
          },
          {
            "x": 0.06122957170009613,
            "y": 1.403374433517456
          },
          {
            "x": 0.002896234393119812,
            "y": 1.4850411415100098
          },
          {
            "x": -0.009181726723909378,
            "y": 1.484287977218628
          }
        ],
        [
          {
            "x": -0.009413676336407661,
            "y": 1.1509966850280762
          },
          {
            "x": 0.0012295395135879517,
            "y": 1.1508742570877075
          },
          {
            "x": 0.06122957170009613,
            "y": 1.2350411415100098
          },
          {
            "x": 0.0037295669317245483,
            "y": 1.319207787513733
          },
          {
            "x": -0.009296625852584839,
            "y": 1.3191883563995361
          }
        ],
        [
          {
            "x": -0.009529409930109978,
            "y": 0.9846963882446289
          },
          {
            "x": 0.0037295520305633545,
            "y": 0.9850409626960754
          },
          {
            "x": 0.05956289917230606,
            "y": 1.0675410032272339
          },
          {
            "x": 0.0012295395135879517,
            "y": 1.1508742570877075
          },
          {
            "x": -0.009413676336407661,
            "y": 1.1509966850280762
          }
        ],
        [
          {
            "x": -0.009648147970438004,
            "y": 0.8140791654586792
          },
          {
            "x": 0.005396246910095215,
            "y": 0.8142077922821045
          },
          {
            "x": 0.06206288933753967,
            "y": 0.901707649230957
          },
          {
            "x": 0.0037295520305633545,
            "y": 0.9850409626960754
          },
          {
            "x": -0.009529409930109978,
            "y": 0.9846963882446289
          }
        ],
        [
          {
            "x": -0.009759359061717987,
            "y": 0.654278039932251
          },
          {
            "x": 0.002896249294281006,
            "y": 0.6533744931221008
          },
          {
            "x": 0.06039625406265259,
            "y": 0.7300411462783813
          },
          {
            "x": 0.005396246910095215,
            "y": 0.8142077922821045
          },
          {
            "x": -0.009648147970438004,
            "y": 0.8140791654586792
          }
        ],
        [
          {
            "x": -0.009878728538751602,
            "y": 0.4827529191970825
          },
          {
            "x": 0.0028962045907974243,
            "y": 0.48254111409187317
          },
          {
            "x": 0.062062911689281464,
            "y": 0.565874457359314
          },
          {
            "x": 0.002896249294281006,
            "y": 0.6533744931221008
          },
          {
            "x": -0.009759359061717987,
            "y": 0.654278039932251
          }
        ],
        [
          {
            "x": -0.009994767606258392,
            "y": 0.31601378321647644
          },
          {
            "x": 0.003729522228240967,
            "y": 0.31587445735931396
          },
          {
            "x": 0.06289619207382202,
            "y": 0.3958744406700134
          },
          {
            "x": 0.0028962045907974243,
            "y": 0.48254111409187317
          },
          {
            "x": -0.009878728538751602,
            "y": 0.4827529191970825
          }
        ],
        [
          {
            "x": -0.010020382702350616,
            "y": 0.27920782566070557
          },
          {
            "x": 0.047062888741493225,
            "y": 0.23170782625675201
          },
          {
            "x": 0.06372954696416855,
            "y": 0.2333744466304779
          },
          {
            "x": 0.003729522228240967,
            "y": 0.31587445735931396
          },
          {
            "x": -0.009994767606258392,
            "y": 0.31601378321647644
          }
        ]
      ],
      "circles": [],
      "shapes": [
        {
          "type": "POLYGON",
          "vertices": [
            {
              "x": 0.06310473382472992,
              "y": 0.09816582500934601
            },
            {
              "x": 0.17935429513454437,
              "y": 0.09774979948997498
            },
            {
              "x": 0.1856043040752411,
              "y": 0.24024979770183563
            },
            {
              "x": 0.19560429453849792,
              "y": 0.10274980217218399
            },
            {
              "x": 0.29935428500175476,
              "y": 0.09899979084730148
            },
            {
              "x": 0.309354305267334,
              "y": 0.23524980247020721
            },
            {
              "x": 0.32560425996780396,
              "y": 0.10149978846311569
            },
            {
              "x": 0.4268542528152466,
              "y": 0.09649978578090668
            },
            {
              "x": 0.4356042742729187,
              "y": 0.23774977028369904
            },
            {
              "x": 0.4418542683124542,
              "y": 0.10149978846311569
            },
            {
              "x": 0.5518543124198914,
              "y": 0.09649978578090668
            },
            {
              "x": 0.5656042695045471,
              "y": 0.23399978876113892
            },
            {
              "x": 0.5656042695045471,
              "y": 0.10149978846311569
            },
            {
              "x": 0.6743542551994324,
              "y": 0.09524980187416077
            },
            {
              "x": 0.6893543004989624,
              "y": 0.23649977147579193
            },
            {
              "x": 0.7006043195724487,
              "y": 0.09774978458881378
            },
            {
              "x": 0.7993543148040771,
              "y": 0.09649977087974548
            },
            {
              "x": 0.8118542432785034,
              "y": 0.23649977147579193
            },
            {
              "x": 0.8193542957305908,
              "y": 0.1027497947216034
            },
            {
              "x": 0.9406043291091919,
              "y": 0.09774978458881378
            },
            {
              "x": 0.9418542981147766,
              "y": 0.2314997762441635
            },
            {
              "x": 0.996854305267334,
              "y": 0.30649977922439575
            },
            {
              "x": 0.9381042718887329,
              "y": 0.3964998126029968
            },
            {
              "x": 0.9931043386459351,
              "y": 0.4802497625350952
            },
            {
              "x": 0.9418544769287109,
              "y": 0.5714998245239258
            },
            {
              "x": 1.000604510307312,
              "y": 0.6539998054504395
            },
            {
              "x": 0.9356045126914978,
              "y": 0.7339997887611389
            },
            {
              "x": 0.9906045198440552,
              "y": 0.805249810218811
            },
            {
              "x": 0.940604567527771,
              "y": 0.905249834060669
            },
            {
              "x": 0.9931045770645142,
              "y": 0.9764997959136963
            },
            {
              "x": 0.9456046223640442,
              "y": 1.0677497386932373
            },
            {
              "x": 0.9943545460700989,
              "y": 1.1464996337890625
            },
            {
              "x": 0.9431045651435852,
              "y": 1.2302496433258057
            },
            {
              "x": 0.9943545460700989,
              "y": 1.300249695777893
            },
            {
              "x": 0.9418545961380005,
              "y": 1.3989996910095215
            },
            {
              "x": 0.9981045722961426,
              "y": 1.4739997386932373
            },
            {
              "x": 0.9406046867370605,
              "y": 1.5652495622634888
            },
            {
              "x": 0.9406046867370605,
              "y": 1.6714996099472046
            },
            {
              "x": 0.060396239161491394,
              "y": 1.6700413227081299
            },
            {
              "x": 0.060396239161491394,
              "y": 1.5725412368774414
            },
            {
              "x": 0.002896234393119812,
              "y": 1.4850411415100098
            },
            {
              "x": 0.06122957170009613,
              "y": 1.403374433517456
            },
            {
              "x": 0.0037295669317245483,
              "y": 1.319207787513733
            },
            {
              "x": 0.06122957170009613,
              "y": 1.2350411415100098
            },
            {
              "x": 0.0012295395135879517,
              "y": 1.1508742570877075
            },
            {
              "x": 0.05956289917230606,
              "y": 1.0675410032272339
            },
            {
              "x": 0.0037295520305633545,
              "y": 0.9850409626960754
            },
            {
              "x": 0.06206288933753967,
              "y": 0.901707649230957
            },
            {
              "x": 0.005396246910095215,
              "y": 0.8142077922821045
            },
            {
              "x": 0.06039625406265259,
              "y": 0.7300411462783813
            },
            {
              "x": 0.002896249294281006,
              "y": 0.6533744931221008
            },
            {
              "x": 0.062062911689281464,
              "y": 0.565874457359314
            },
            {
              "x": 0.0028962045907974243,
              "y": 0.48254111409187317
            },
            {
              "x": 0.06289619207382202,
              "y": 0.3958744406700134
            },
            {
              "x": 0.003729522228240967,
              "y": 0.31587445735931396
            },
            {
              "x": 0.06372954696416855,
              "y": 0.2333744466304779
            },
            {
              "x": 0.05102140083909035,
              "y": 0.07649914920330048
            },
            {
              "x": 0.047062888741493225,
              "y": 0.23170782625675201
            },
            {
              "x": -0.010020382702350616,
              "y": 0.27920782566070557
            },
            {
              "x": -0.00897865742444992,
              "y": 1.776082992553711
            },
            {
              "x": 1.0260212421417236,
              "y": 1.7769161462783813
            },
            {
              "x": 1.0235209465026855,
              "y": 0.07941615581512451
            },
            {
              "x": 0.06352140009403229,
              "y": 0.07858248054981232
            }
          ]
        }
      ]
    }
  ],
  "dynamicObjects": []
}